{
  "train_loss": [
    0.5865627651413282,
    1.2490252653757732,
    0.5618404547373453,
    0.28239352256059647,
    0.10124755774935086,
    0.09570001065731049,
    0.1346082997818788,
    0.07253323992093404,
    0.07665396730105083,
    0.07538711279630661,
    0.07276288544138272,
    0.07703805218140285,
    0.07146047428250313,
    0.0727461725473404,
    0.07185059289137523,
    0.07401591787735622,
    0.07104539001981418,
    0.07358348245422046,
    0.06677658607562383,
    0.06947200745344162,
    0.06953930606444676,
    0.07069263234734535,
    0.06705014780163765,
    0.06988991672794025,
    0.1211217778424422,
    0.07200019434094429,
    0.06419324253996213,
    0.06855786591768265,
    0.07094892486929893,
    0.0635113629202048,
    0.06109364330768585,
    0.06158840966721376,
    0.06013066197435061,
    0.05944184524317583,
    0.05877994870146116,
    0.05827913371225198,
    0.05560884562631448,
    0.05532192438840866,
    0.05174018939336141,
    0.05566399730741978,
    0.05940020612130562,
    0.047691043776770435,
    0.04586471648265918,
    0.043252148665487766,
    0.04627593824019035
  ],
  "train_acc": [
    0.9055555555555556,
    0.9833333333333333,
    0.9833333333333333,
    0.9833333333333333,
    0.9833333333333333,
    0.9833333333333333,
    0.9833333333333333,
    0.9833333333333333,
    0.9833333333333333,
    0.9833333333333333,
    0.9833333333333333,
    0.9833333333333333,
    0.9833333333333333,
    0.9833333333333333,
    0.9833333333333333,
    0.9833333333333333,
    0.9833333333333333,
    0.9833333333333333,
    0.9833333333333333,
    0.9833333333333333,
    0.9833333333333333,
    0.9833333333333333,
    0.9833333333333333,
    0.9833333333333333,
    0.9833333333333333,
    0.9833333333333333,
    0.9833333333333333,
    0.9833333333333333,
    0.9833333333333333,
    0.9833333333333333,
    0.9833333333333333,
    0.9833333333333333,
    0.9833333333333333,
    0.9833333333333333,
    0.9833333333333333,
    0.9833333333333333,
    0.9833333333333333,
    0.9833333333333333,
    0.9833333333333333,
    0.9833333333333333,
    0.9888888888888889,
    0.9888888888888889,
    0.9888888888888889,
    0.9888888888888889,
    0.9888888888888889
  ],
  "val_loss": [
    0.5216451287269592,
    0.5425975918769836,
    0.1708180805047732,
    0.07527427875902504,
    0.12772461771965027,
    0.07846765872091055,
    0.06829834869131446,
    0.07588788121938705,
    0.07194270100444555,
    0.07509890291839838,
    0.07016298687085509,
    0.06755007291212678,
    0.07017696276307106,
    0.0726741636171937,
    0.07061906810849905,
    0.06863248208537698,
    0.06927922740578651,
    0.07103124354034662,
    0.06741524999961257,
    0.06837896862998605,
    0.06767993280664086,
    0.07289463747292757,
    0.06779937958344817,
    0.066782146692276,
    0.07132966909557581,
    0.07841292303055525,
    0.06867518881335855,
    0.06647646939381957,
    0.07143811974674463,
    0.06652296939864755,
    0.06824503559619188,
    0.06705248588696122,
    0.06716084713116288,
    0.06633856287226081,
    0.0659078098833561,
    0.06600877130404115,
    0.0660579539835453,
    0.06667950004339218,
    0.06693348521366715,
    0.06707590213045478,
    0.06794352596625686,
    0.07009187084622681,
    0.07115629059262574,
    0.07100916537456214,
    0.07254040357656777
  ],
  "val_acc": [
    0.9833333333333333,
    0.9833333333333333,
    0.9833333333333333,
    0.9833333333333333,
    0.9833333333333333,
    0.9833333333333333,
    0.9833333333333333,
    0.9833333333333333,
    0.9833333333333333,
    0.9833333333333333,
    0.9833333333333333,
    0.9833333333333333,
    0.9833333333333333,
    0.9833333333333333,
    0.9833333333333333,
    0.9833333333333333,
    0.9833333333333333,
    0.9833333333333333,
    0.9833333333333333,
    0.9833333333333333,
    0.9833333333333333,
    0.9833333333333333,
    0.9833333333333333,
    0.9833333333333333,
    0.9833333333333333,
    0.9833333333333333,
    0.9833333333333333,
    0.9833333333333333,
    0.9833333333333333,
    0.9833333333333333,
    0.9833333333333333,
    0.9833333333333333,
    0.9833333333333333,
    0.9833333333333333,
    0.9833333333333333,
    0.9833333333333333,
    0.9833333333333333,
    0.9833333333333333,
    0.9833333333333333,
    0.9833333333333333,
    0.9833333333333333,
    0.9833333333333333,
    0.9833333333333333,
    0.9833333333333333,
    0.9833333333333333
  ]
}